{
	 "rootnode": {
		 "name": "gem.obj"
		,"transformation": [
			 1
			,0
			,0
			,0
			,0
			,1
			,0
			,0
			,0
			,0
			,1
			,0
			,0
			,0
			,0
			,1
		]
		,"children": [
			{
				 "name": "Cone"
				,"transformation": [
					 1
					,0
					,0
					,0
					,0
					,1
					,0
					,0
					,0
					,0
					,1
					,0
					,0
					,0
					,0
					,1
				]
				,"meshes": [
					 0
				]
			}
		]
	}
	,"flags": 8
	,"meshes": [
		{
			 "name": ""
			,"materialindex": 0
			,"primitivetypes": 4
			,"vertices": [
				 0
				,0.327913
				,1
				,0
				,-0.327913
				,-0
				,0.5
				,0.327913
				,0.866025
				,0.5
				,0.327913
				,0.866025
				,0
				,-0.327913
				,-0
				,0.866025
				,0.327913
				,0.5
				,0.866025
				,0.327913
				,0.5
				,0
				,-0.327913
				,-0
				,1
				,0.327913
				,0
				,1
				,0.327913
				,0
				,0
				,-0.327913
				,-0
				,0.866025
				,0.327913
				,-0.5
				,0.866025
				,0.327913
				,-0.5
				,0
				,-0.327913
				,-0
				,0.5
				,0.327913
				,-0.866025
				,0.5
				,0.327913
				,-0.866025
				,0
				,-0.327913
				,-0
				,0
				,0.327913
				,-1
				,0
				,0.327913
				,-1
				,0
				,-0.327913
				,-0
				,-0.5
				,0.327913
				,-0.866025
				,-0.5
				,0.327913
				,-0.866025
				,0
				,-0.327913
				,-0
				,-0.866025
				,0.327913
				,-0.5
				,-0.866025
				,0.327913
				,-0.5
				,0
				,-0.327913
				,-0
				,-1
				,0.327913
				,-0
				,-1
				,0.327913
				,-0
				,0
				,-0.327913
				,-0
				,-0.866026
				,0.327913
				,0.5
				,-0.866026
				,0.327913
				,0.5
				,0
				,-0.327913
				,-0
				,-0.500001
				,0.327913
				,0.866025
				,-0.500001
				,0.327913
				,0.866025
				,0
				,-0.327913
				,-0
				,0
				,0.327913
				,1
				,1
				,0.327913
				,0
				,0.866025
				,0.327913
				,-0.5
				,0.644176
				,0.528501
				,-0.371915
				,0.743831
				,0.528501
				,0
				,0
				,0.528501
				,0.743831
				,0.371915
				,0.528501
				,0.644176
				,0.644176
				,0.528501
				,0.371915
				,0.743831
				,0.528501
				,0
				,0.644176
				,0.528501
				,-0.371915
				,0.371915
				,0.528501
				,-0.644176
				,0
				,0.528501
				,-0.743831
				,-0.371915
				,0.528501
				,-0.644176
				,-0.644176
				,0.528501
				,-0.371915
				,-0.743831
				,0.528501
				,-0
				,-0.644176
				,0.528501
				,0.371915
				,-0.371916
				,0.528501
				,0.644176
				,0
				,0.327913
				,-1
				,-0.5
				,0.327913
				,-0.866025
				,-0.371915
				,0.528501
				,-0.644176
				,0
				,0.528501
				,-0.743831
				,0.5
				,0.327913
				,-0.866025
				,0
				,0.327913
				,-1
				,0
				,0.528501
				,-0.743831
				,0.371915
				,0.528501
				,-0.644176
				,-0.866025
				,0.327913
				,-0.5
				,-1
				,0.327913
				,-0
				,-0.743831
				,0.528501
				,-0
				,-0.644176
				,0.528501
				,-0.371915
				,-0.866026
				,0.327913
				,0.5
				,-0.500001
				,0.327913
				,0.866025
				,-0.371916
				,0.528501
				,0.644176
				,-0.644176
				,0.528501
				,0.371915
				,0.866025
				,0.327913
				,0.5
				,1
				,0.327913
				,0
				,0.743831
				,0.528501
				,0
				,0.644176
				,0.528501
				,0.371915
				,0.866025
				,0.327913
				,-0.5
				,0.5
				,0.327913
				,-0.866025
				,0.371915
				,0.528501
				,-0.644176
				,0.644176
				,0.528501
				,-0.371915
				,-0.5
				,0.327913
				,-0.866025
				,-0.866025
				,0.327913
				,-0.5
				,-0.644176
				,0.528501
				,-0.371915
				,-0.371915
				,0.528501
				,-0.644176
				,-0.500001
				,0.327913
				,0.866025
				,0
				,0.327913
				,1
				,0
				,0.528501
				,0.743831
				,-0.371916
				,0.528501
				,0.644176
				,-1
				,0.327913
				,-0
				,-0.866026
				,0.327913
				,0.5
				,-0.644176
				,0.528501
				,0.371915
				,-0.743831
				,0.528501
				,-0
				,0.5
				,0.327913
				,0.866025
				,0.866025
				,0.327913
				,0.5
				,0.644176
				,0.528501
				,0.371915
				,0.371915
				,0.528501
				,0.644176
				,0
				,0.327913
				,1
				,0.5
				,0.327913
				,0.866025
				,0.371915
				,0.528501
				,0.644176
				,0
				,0.528501
				,0.743831
			]
			,"normals": [
				 0.1454
				,-0.8273
				,0.5426
				,0.1454
				,-0.8273
				,0.5426
				,0.1454
				,-0.8273
				,0.5426
				,0.3972
				,-0.8273
				,0.3972
				,0.3972
				,-0.8273
				,0.3972
				,0.3972
				,-0.8273
				,0.3972
				,0.5426
				,-0.8273
				,0.1454
				,0.5426
				,-0.8273
				,0.1454
				,0.5426
				,-0.8273
				,0.1454
				,0.5426
				,-0.8273
				,-0.1454
				,0.5426
				,-0.8273
				,-0.1454
				,0.5426
				,-0.8273
				,-0.1454
				,0.3972
				,-0.8273
				,-0.3972
				,0.3972
				,-0.8273
				,-0.3972
				,0.3972
				,-0.8273
				,-0.3972
				,0.1454
				,-0.8273
				,-0.5426
				,0.1454
				,-0.8273
				,-0.5426
				,0.1454
				,-0.8273
				,-0.5426
				,-0.1454
				,-0.8273
				,-0.5426
				,-0.1454
				,-0.8273
				,-0.5426
				,-0.1454
				,-0.8273
				,-0.5426
				,-0.3972
				,-0.8273
				,-0.3972
				,-0.3972
				,-0.8273
				,-0.3972
				,-0.3972
				,-0.8273
				,-0.3972
				,-0.5426
				,-0.8273
				,-0.1454
				,-0.5426
				,-0.8273
				,-0.1454
				,-0.5426
				,-0.8273
				,-0.1454
				,-0.5426
				,-0.8273
				,0.1454
				,-0.5426
				,-0.8273
				,0.1454
				,-0.5426
				,-0.8273
				,0.1454
				,-0.3972
				,-0.8273
				,0.3972
				,-0.3972
				,-0.8273
				,0.3972
				,-0.3972
				,-0.8273
				,0.3972
				,-0.1454
				,-0.8273
				,0.5426
				,-0.1454
				,-0.8273
				,0.5426
				,-0.1454
				,-0.8273
				,0.5426
				,0.6083
				,0.7768
				,-0.163
				,0.6083
				,0.7768
				,-0.163
				,0.6083
				,0.7768
				,-0.163
				,0.6083
				,0.7768
				,-0.163
				,-0
				,1
				,0
				,-0
				,1
				,0
				,-0
				,1
				,0
				,-0
				,1
				,0
				,-0
				,1
				,0
				,-0
				,1
				,0
				,-0
				,1
				,0
				,-0
				,1
				,0
				,-0
				,1
				,0
				,-0
				,1
				,0
				,-0
				,1
				,0
				,-0
				,1
				,0
				,-0.163
				,0.7768
				,-0.6083
				,-0.163
				,0.7768
				,-0.6083
				,-0.163
				,0.7768
				,-0.6083
				,-0.163
				,0.7768
				,-0.6083
				,0.163
				,0.7768
				,-0.6083
				,0.163
				,0.7768
				,-0.6083
				,0.163
				,0.7768
				,-0.6083
				,0.163
				,0.7768
				,-0.6083
				,-0.6083
				,0.7768
				,-0.163
				,-0.6083
				,0.7768
				,-0.163
				,-0.6083
				,0.7768
				,-0.163
				,-0.6083
				,0.7768
				,-0.163
				,-0.4453
				,0.7768
				,0.4453
				,-0.4453
				,0.7768
				,0.4453
				,-0.4453
				,0.7768
				,0.4453
				,-0.4453
				,0.7768
				,0.4453
				,0.6083
				,0.7768
				,0.163
				,0.6083
				,0.7768
				,0.163
				,0.6083
				,0.7768
				,0.163
				,0.6083
				,0.7768
				,0.163
				,0.4453
				,0.7768
				,-0.4453
				,0.4453
				,0.7768
				,-0.4453
				,0.4453
				,0.7768
				,-0.4453
				,0.4453
				,0.7768
				,-0.4453
				,-0.4453
				,0.7768
				,-0.4453
				,-0.4453
				,0.7768
				,-0.4453
				,-0.4453
				,0.7768
				,-0.4453
				,-0.4453
				,0.7768
				,-0.4453
				,-0.163
				,0.7768
				,0.6083
				,-0.163
				,0.7768
				,0.6083
				,-0.163
				,0.7768
				,0.6083
				,-0.163
				,0.7768
				,0.6083
				,-0.6083
				,0.7768
				,0.163
				,-0.6083
				,0.7768
				,0.163
				,-0.6083
				,0.7768
				,0.163
				,-0.6083
				,0.7768
				,0.163
				,0.4453
				,0.7768
				,0.4453
				,0.4453
				,0.7768
				,0.4453
				,0.4453
				,0.7768
				,0.4453
				,0.4453
				,0.7768
				,0.4453
				,0.163
				,0.7768
				,0.6083
				,0.163
				,0.7768
				,0.6083
				,0.163
				,0.7768
				,0.6083
				,0.163
				,0.7768
				,0.6083
			]
			,